诶,必,比,西,弟,view,blow,observe,common,pig,interest,heading,income,hardly,song
interest,hot,mouth,forth,pine,policeman,connected,does,future,stopped
pitch,dried,except,among,met,throw,take,goes,term,hour
lovely,energy,seven,sets,include,folks,answer,position,generally,parallel
select,detail,fairly,tropical,forty,remain,hope,quickly,screen,muscle
brief,making,way,daughter,center,pull,seed,our,food,plural
compass,smoke,plan,happened,mouse,tell,women,energy,allow,explore
discovery,running,changing,sport,told,electricity,greatly,palace,growth,wear
quickly,bow,school,roll,point,owner,chief,breeze,entirely,danger
speak,funny,blue,somewhere,part,wolf,refused,flew,mountain,discuss
merely,written,first,answer,magnet,ill,bell,raw,sight,hardly
tall,greatest,detail,pocket,doll,distance,plates,rush,form,merely
divide,thou,speech,mood,strength,say,rule,rule,frequently,coast
